整租·云景花园云桦苑 2室1厅 东南        ,云景花园云桦苑,1900,https://gz.lianjia.com/zufang/GZ2461413217281785856.html
独栋·魔尔公寓 魔尔公寓广州华侨新村店 紧邻CBD近淘金地铁 1室1厅        ,魔尔公寓,4500-5500,https://gz.lianjia.com/apartment/8031.html
整租·大北路鸿成大街 1室1厅 南        ,大北路鸿成大街,1200,https://gz.lianjia.com/zufang/GZ2469364765802373120.html
独栋·辉盛公寓 南岸路A店 开春钜惠防疫 开间        ,辉盛公寓,2500-2800,https://gz.lianjia.com/apartment/25438.html
整租·金道花园 1室1厅 东        ,金道花园,1500,https://gz.lianjia.com/zufang/GZ2469484254300471296.html
独栋·广寓国际社区 穗和家园店 年底大特价精装三房 3室1厅        ,广寓国际社区,2950-4080,https://gz.lianjia.com/apartment/22560.html
整租·共和西小区 1室1厅 东        ,共和西小区,2500,https://gz.lianjia.com/zufang/GZ2468929845048901632.html
整租·芬芳小区 2室1厅 东南        ,芬芳小区,2300,https://gz.lianjia.com/zufang/GZ2329530449820385280.html
整租·大发大厦 2室1厅 北        ,大发大厦,2300,https://gz.lianjia.com/zufang/GZ2468726748679258112.html
整租·惠福西路 2室1厅 西        ,惠福西路,1600,https://gz.lianjia.com/zufang/GZ2468711032562909184.html
整租·丹桂园 1室1厅 东南/南        ,丹桂园,1800,https://gz.lianjia.com/zufang/GZ2468745212248465408.html
合租·六运小区 1居室 南卧        ,六运小区,1900,https://gz.lianjia.com/zufang/GZ2405673683508543488.html
整租·蟹山远洋宿舍 2室1厅 南/北        ,蟹山远洋宿舍,1500,https://gz.lianjia.com/zufang/GZ2468585981477912576.html
合租·罗马家园 4居室 南卧        ,罗马家园,1530,https://gz.lianjia.com/zufang/GZ2396338461226844160.html
整租·华侨城(番禺) 2室1厅 南        ,华侨城(番禺),2200,https://gz.lianjia.com/zufang/GZ2467990487265714176.html
整租·解放北路(增城区) 3室2厅 南        ,解放北路(增城区),1200,https://gz.lianjia.com/zufang/GZ2467321238909878272.html
整租·宏康花园五期宏康东筑 2室2厅 南        ,宏康花园五期宏康东筑,1600,https://gz.lianjia.com/zufang/GZ2467145321529491456.html
整租·雅图花园 2室1厅 北        ,雅图花园,1300,https://gz.lianjia.com/zufang/GZ2467929754725531648.html
整租·富力花园 2室2厅 西南        ,富力花园,2850,https://gz.lianjia.com/zufang/GZ2468035677451984896.html
整租·祈福新村海晴居 2室1厅 北        ,祈福新村海晴居,2100,https://gz.lianjia.com/zufang/GZ2467131357432643584.html
整租·怡雅苑(海珠) 2室1厅 南        ,怡雅苑(海珠),2200,https://gz.lianjia.com/zufang/GZ2469469924536893440.html
合租·中海康城 4居室 北卧        ,中海康城,2180,https://gz.lianjia.com/zufang/GZ2331776665069559808.html
整租·人民北路 1室1厅 东        ,人民北路,2500,https://gz.lianjia.com/zufang/GZ2469415150868758528.html
合租·佳信花园 4居室 北卧        ,佳信花园,1690,https://gz.lianjia.com/zufang/GZ2338789026146304000.html
整租·淘金路淘金坑 1室0厅 南        ,淘金路淘金坑,2300,https://gz.lianjia.com/zufang/GZ2469466515129507840.html
合租·广海花园 4居室 北卧        ,广海花园,1590,https://gz.lianjia.com/zufang/GZ2401629789875077120.html
整租·锦绣生态园 3室2厅 东南        ,锦绣生态园,2300,https://gz.lianjia.com/zufang/GZ2468758226863669248.html
合租·麓苑路35号大院 2居室 北卧        ,麓苑路35号大院,2260,https://gz.lianjia.com/zufang/GZ2327558322800033792.html
合租·南景园 4居室 北卧        ,南景园,1490,https://gz.lianjia.com/zufang/GZ2402702097087725568.html
合租·保利罗兰国际 4居室 东卧        ,保利罗兰国际,1090,https://gz.lianjia.com/zufang/GZ2353059887086845952.html
合租·帝景苑 5居室 南卧        ,帝景苑,2390,https://gz.lianjia.com/zufang/GZ2064422059307433984.html
合租·云山锦绣家园 4居室 西卧        ,云山锦绣家园,1890,https://gz.lianjia.com/zufang/GZ2067130469912420352.html
合租·加拿大花园 4居室 西卧        ,加拿大花园,1460,https://gz.lianjia.com/zufang/GZ2116719500199477248.html
整租·云景花园云桦苑 2室1厅 东南        ,云景花园云桦苑,1900,https://gz.lianjia.com/zufang/GZ2461413217281785856.html
独栋·魔尔公寓 魔尔公寓广州华侨新村店 紧邻CBD近淘金地铁 1室1厅        ,魔尔公寓,4500-5500,https://gz.lianjia.com/apartment/8031.html
整租·大北路鸿成大街 1室1厅 南        ,大北路鸿成大街,1200,https://gz.lianjia.com/zufang/GZ2469364765802373120.html
独栋·辉盛公寓 南岸路A店 开春钜惠防疫 开间        ,辉盛公寓,2500-2800,https://gz.lianjia.com/apartment/25438.html
整租·金道花园 1室1厅 东        ,金道花园,1500,https://gz.lianjia.com/zufang/GZ2469484254300471296.html
独栋·广寓国际社区 穗和家园店 年底大特价精装三房 3室1厅        ,广寓国际社区,2950-4080,https://gz.lianjia.com/apartment/22560.html
整租·共和西小区 1室1厅 东        ,共和西小区,2500,https://gz.lianjia.com/zufang/GZ2468929845048901632.html
整租·芬芳小区 2室1厅 东南        ,芬芳小区,2300,https://gz.lianjia.com/zufang/GZ2329530449820385280.html
整租·大发大厦 2室1厅 北        ,大发大厦,2300,https://gz.lianjia.com/zufang/GZ2468726748679258112.html
整租·惠福西路 2室1厅 西        ,惠福西路,1600,https://gz.lianjia.com/zufang/GZ2468711032562909184.html
整租·丹桂园 1室1厅 东南/南        ,丹桂园,1800,https://gz.lianjia.com/zufang/GZ2468745212248465408.html
合租·六运小区 1居室 南卧        ,六运小区,1900,https://gz.lianjia.com/zufang/GZ2405673683508543488.html
整租·蟹山远洋宿舍 2室1厅 南/北        ,蟹山远洋宿舍,1500,https://gz.lianjia.com/zufang/GZ2468585981477912576.html
合租·罗马家园 4居室 南卧        ,罗马家园,1530,https://gz.lianjia.com/zufang/GZ2396338461226844160.html
整租·华侨城(番禺) 2室1厅 南        ,华侨城(番禺),2200,https://gz.lianjia.com/zufang/GZ2467990487265714176.html
整租·解放北路(增城区) 3室2厅 南        ,解放北路(增城区),1200,https://gz.lianjia.com/zufang/GZ2467321238909878272.html
整租·宏康花园五期宏康东筑 2室2厅 南        ,宏康花园五期宏康东筑,1600,https://gz.lianjia.com/zufang/GZ2467145321529491456.html
整租·雅图花园 2室1厅 北        ,雅图花园,1300,https://gz.lianjia.com/zufang/GZ2467929754725531648.html
整租·富力花园 2室2厅 西南        ,富力花园,2850,https://gz.lianjia.com/zufang/GZ2468035677451984896.html
整租·祈福新村海晴居 2室1厅 北        ,祈福新村海晴居,2100,https://gz.lianjia.com/zufang/GZ2467131357432643584.html
整租·怡雅苑(海珠) 2室1厅 南        ,怡雅苑(海珠),2200,https://gz.lianjia.com/zufang/GZ2469469924536893440.html
合租·中海康城 4居室 北卧        ,中海康城,2180,https://gz.lianjia.com/zufang/GZ2331776665069559808.html
整租·人民北路 1室1厅 东        ,人民北路,2500,https://gz.lianjia.com/zufang/GZ2469415150868758528.html
合租·佳信花园 4居室 北卧        ,佳信花园,1690,https://gz.lianjia.com/zufang/GZ2338789026146304000.html
整租·淘金路淘金坑 1室0厅 南        ,淘金路淘金坑,2300,https://gz.lianjia.com/zufang/GZ2469466515129507840.html
合租·广海花园 4居室 北卧        ,广海花园,1590,https://gz.lianjia.com/zufang/GZ2401629789875077120.html
整租·锦绣生态园 3室2厅 东南        ,锦绣生态园,2300,https://gz.lianjia.com/zufang/GZ2468758226863669248.html
合租·麓苑路35号大院 2居室 北卧        ,麓苑路35号大院,2260,https://gz.lianjia.com/zufang/GZ2327558322800033792.html
合租·南景园 4居室 北卧        ,南景园,1490,https://gz.lianjia.com/zufang/GZ2402702097087725568.html
合租·保利罗兰国际 4居室 东卧        ,保利罗兰国际,1090,https://gz.lianjia.com/zufang/GZ2353059887086845952.html
合租·帝景苑 5居室 南卧        ,帝景苑,2390,https://gz.lianjia.com/zufang/GZ2064422059307433984.html
合租·云山锦绣家园 4居室 西卧        ,云山锦绣家园,1890,https://gz.lianjia.com/zufang/GZ2067130469912420352.html
合租·加拿大花园 4居室 西卧        ,加拿大花园,1460,https://gz.lianjia.com/zufang/GZ2116719500199477248.html
整租·云景花园云桦苑 2室1厅 东南        ,云景花园云桦苑,1900,https://gz.lianjia.com/zufang/GZ2461413217281785856.html
独栋·魔尔公寓 魔尔公寓广州华侨新村店 紧邻CBD近淘金地铁 1室1厅        ,魔尔公寓,4500-5500,https://gz.lianjia.com/apartment/8031.html
整租·大北路鸿成大街 1室1厅 南        ,大北路鸿成大街,1200,https://gz.lianjia.com/zufang/GZ2469364765802373120.html
独栋·辉盛公寓 南岸路A店 开春钜惠防疫 开间        ,辉盛公寓,2500-2800,https://gz.lianjia.com/apartment/25438.html
整租·金道花园 1室1厅 东        ,金道花园,1500,https://gz.lianjia.com/zufang/GZ2469484254300471296.html
独栋·广寓国际社区 穗和家园店 年底大特价精装三房 3室1厅        ,广寓国际社区,2950-4080,https://gz.lianjia.com/apartment/22560.html
整租·共和西小区 1室1厅 东        ,共和西小区,2500,https://gz.lianjia.com/zufang/GZ2468929845048901632.html
整租·芬芳小区 2室1厅 东南        ,芬芳小区,2300,https://gz.lianjia.com/zufang/GZ2329530449820385280.html
整租·大发大厦 2室1厅 北        ,大发大厦,2300,https://gz.lianjia.com/zufang/GZ2468726748679258112.html
整租·惠福西路 2室1厅 西        ,惠福西路,1600,https://gz.lianjia.com/zufang/GZ2468711032562909184.html
整租·蟹山远洋宿舍 2室1厅 南/北        ,蟹山远洋宿舍,1500,https://gz.lianjia.com/zufang/GZ2468585981477912576.html
合租·六运小区 1居室 南卧        ,六运小区,1900,https://gz.lianjia.com/zufang/GZ2405673683508543488.html
整租·丹桂园 1室1厅 东南/南        ,丹桂园,1800,https://gz.lianjia.com/zufang/GZ2468745212248465408.html
合租·罗马家园 4居室 南卧        ,罗马家园,1530,https://gz.lianjia.com/zufang/GZ2396338461226844160.html
整租·华侨城(番禺) 2室1厅 南        ,华侨城(番禺),2200,https://gz.lianjia.com/zufang/GZ2467990487265714176.html
整租·解放北路(增城区) 3室2厅 南        ,解放北路(增城区),1200,https://gz.lianjia.com/zufang/GZ2467321238909878272.html
整租·宏康花园五期宏康东筑 2室2厅 南        ,宏康花园五期宏康东筑,1600,https://gz.lianjia.com/zufang/GZ2467145321529491456.html
整租·雅图花园 2室1厅 北        ,雅图花园,1300,https://gz.lianjia.com/zufang/GZ2467929754725531648.html
整租·富力花园 2室2厅 西南        ,富力花园,2850,https://gz.lianjia.com/zufang/GZ2468035677451984896.html
整租·祈福新村海晴居 2室1厅 北        ,祈福新村海晴居,2100,https://gz.lianjia.com/zufang/GZ2467131357432643584.html
整租·怡雅苑(海珠) 2室1厅 南        ,怡雅苑(海珠),2200,https://gz.lianjia.com/zufang/GZ2469469924536893440.html
合租·中海康城 4居室 北卧        ,中海康城,2180,https://gz.lianjia.com/zufang/GZ2331776665069559808.html
整租·人民北路 1室1厅 东        ,人民北路,2500,https://gz.lianjia.com/zufang/GZ2469415150868758528.html
合租·佳信花园 4居室 北卧        ,佳信花园,1690,https://gz.lianjia.com/zufang/GZ2338789026146304000.html
整租·淘金路淘金坑 1室0厅 南        ,淘金路淘金坑,2300,https://gz.lianjia.com/zufang/GZ2469466515129507840.html
合租·广海花园 4居室 北卧        ,广海花园,1590,https://gz.lianjia.com/zufang/GZ2401629789875077120.html
整租·锦绣生态园 3室2厅 东南        ,锦绣生态园,2300,https://gz.lianjia.com/zufang/GZ2468758226863669248.html
合租·麓苑路35号大院 2居室 北卧        ,麓苑路35号大院,2260,https://gz.lianjia.com/zufang/GZ2327558322800033792.html
合租·南景园 4居室 北卧        ,南景园,1490,https://gz.lianjia.com/zufang/GZ2402702097087725568.html
合租·保利罗兰国际 4居室 东卧        ,保利罗兰国际,1090,https://gz.lianjia.com/zufang/GZ2353059887086845952.html
合租·帝景苑 5居室 南卧        ,帝景苑,2390,https://gz.lianjia.com/zufang/GZ2064422059307433984.html
合租·云山锦绣家园 4居室 西卧        ,云山锦绣家园,1890,https://gz.lianjia.com/zufang/GZ2067130469912420352.html
合租·加拿大花园 4居室 西卧        ,加拿大花园,1460,https://gz.lianjia.com/zufang/GZ2116719500199477248.html
整租·云景花园云桦苑 2室1厅 东南        ,云景花园云桦苑,1900,https://gz.lianjia.com/zufang/GZ2461413217281785856.html
独栋·魔尔公寓 魔尔公寓广州华侨新村店 紧邻CBD近淘金地铁 1室1厅        ,魔尔公寓,4500-5500,https://gz.lianjia.com/apartment/8031.html
整租·大北路鸿成大街 1室1厅 南        ,大北路鸿成大街,1200,https://gz.lianjia.com/zufang/GZ2469364765802373120.html
独栋·辉盛公寓 南岸路A店 开春钜惠防疫 开间        ,辉盛公寓,2500-2800,https://gz.lianjia.com/apartment/25438.html
整租·金道花园 1室1厅 东        ,金道花园,1500,https://gz.lianjia.com/zufang/GZ2469484254300471296.html
独栋·广寓国际社区 穗和家园店 年底大特价精装三房 3室1厅        ,广寓国际社区,2950-4080,https://gz.lianjia.com/apartment/22560.html
整租·共和西小区 1室1厅 东        ,共和西小区,2500,https://gz.lianjia.com/zufang/GZ2468929845048901632.html
整租·芬芳小区 2室1厅 东南        ,芬芳小区,2300,https://gz.lianjia.com/zufang/GZ2329530449820385280.html
整租·大发大厦 2室1厅 北        ,大发大厦,2300,https://gz.lianjia.com/zufang/GZ2468726748679258112.html
整租·惠福西路 2室1厅 西        ,惠福西路,1600,https://gz.lianjia.com/zufang/GZ2468711032562909184.html
整租·丹桂园 1室1厅 东南/南        ,丹桂园,1800,https://gz.lianjia.com/zufang/GZ2468745212248465408.html
合租·六运小区 1居室 南卧        ,六运小区,1900,https://gz.lianjia.com/zufang/GZ2405673683508543488.html
整租·蟹山远洋宿舍 2室1厅 南/北        ,蟹山远洋宿舍,1500,https://gz.lianjia.com/zufang/GZ2468585981477912576.html
合租·罗马家园 4居室 南卧        ,罗马家园,1530,https://gz.lianjia.com/zufang/GZ2396338461226844160.html
整租·华侨城(番禺) 2室1厅 南        ,华侨城(番禺),2200,https://gz.lianjia.com/zufang/GZ2467990487265714176.html
整租·解放北路(增城区) 3室2厅 南        ,解放北路(增城区),1200,https://gz.lianjia.com/zufang/GZ2467321238909878272.html
整租·宏康花园五期宏康东筑 2室2厅 南        ,宏康花园五期宏康东筑,1600,https://gz.lianjia.com/zufang/GZ2467145321529491456.html
整租·雅图花园 2室1厅 北        ,雅图花园,1300,https://gz.lianjia.com/zufang/GZ2467929754725531648.html
整租·富力花园 2室2厅 西南        ,富力花园,2850,https://gz.lianjia.com/zufang/GZ2468035677451984896.html
整租·祈福新村海晴居 2室1厅 北        ,祈福新村海晴居,2100,https://gz.lianjia.com/zufang/GZ2467131357432643584.html
整租·怡雅苑(海珠) 2室1厅 南        ,怡雅苑(海珠),2200,https://gz.lianjia.com/zufang/GZ2469469924536893440.html
合租·中海康城 4居室 北卧        ,中海康城,2180,https://gz.lianjia.com/zufang/GZ2331776665069559808.html
整租·人民北路 1室1厅 东        ,人民北路,2500,https://gz.lianjia.com/zufang/GZ2469415150868758528.html
合租·佳信花园 4居室 北卧        ,佳信花园,1690,https://gz.lianjia.com/zufang/GZ2338789026146304000.html
整租·淘金路淘金坑 1室0厅 南        ,淘金路淘金坑,2300,https://gz.lianjia.com/zufang/GZ2469466515129507840.html
合租·广海花园 4居室 北卧        ,广海花园,1590,https://gz.lianjia.com/zufang/GZ2401629789875077120.html
整租·锦绣生态园 3室2厅 东南        ,锦绣生态园,2300,https://gz.lianjia.com/zufang/GZ2468758226863669248.html
合租·麓苑路35号大院 2居室 北卧        ,麓苑路35号大院,2260,https://gz.lianjia.com/zufang/GZ2327558322800033792.html
合租·南景园 4居室 北卧        ,南景园,1490,https://gz.lianjia.com/zufang/GZ2402702097087725568.html
合租·保利罗兰国际 4居室 东卧        ,保利罗兰国际,1090,https://gz.lianjia.com/zufang/GZ2353059887086845952.html
合租·帝景苑 5居室 南卧        ,帝景苑,2390,https://gz.lianjia.com/zufang/GZ2064422059307433984.html
合租·云山锦绣家园 4居室 西卧        ,云山锦绣家园,1890,https://gz.lianjia.com/zufang/GZ2067130469912420352.html
合租·加拿大花园 4居室 西卧        ,加拿大花园,1460,https://gz.lianjia.com/zufang/GZ2116719500199477248.html
整租·云景花园云桦苑 2室1厅 东南        ,云景花园云桦苑,1900,https://gz.lianjia.com/zufang/GZ2461413217281785856.html
独栋·魔尔公寓 魔尔公寓广州华侨新村店 紧邻CBD近淘金地铁 1室1厅        ,魔尔公寓,4500-5500,https://gz.lianjia.com/apartment/8031.html
整租·大北路鸿成大街 1室1厅 南        ,大北路鸿成大街,1200,https://gz.lianjia.com/zufang/GZ2469364765802373120.html
独栋·辉盛公寓 南岸路A店 开春钜惠防疫 开间        ,辉盛公寓,2500-2800,https://gz.lianjia.com/apartment/25438.html
整租·金道花园 1室1厅 东        ,金道花园,1500,https://gz.lianjia.com/zufang/GZ2469484254300471296.html
独栋·广寓国际社区 穗和家园店 年底大特价精装三房 3室1厅        ,广寓国际社区,2950-4080,https://gz.lianjia.com/apartment/22560.html
整租·共和西小区 1室1厅 东        ,共和西小区,2500,https://gz.lianjia.com/zufang/GZ2468929845048901632.html
整租·芬芳小区 2室1厅 东南        ,芬芳小区,2300,https://gz.lianjia.com/zufang/GZ2329530449820385280.html
整租·大发大厦 2室1厅 北        ,大发大厦,2300,https://gz.lianjia.com/zufang/GZ2468726748679258112.html
整租·惠福西路 2室1厅 西        ,惠福西路,1600,https://gz.lianjia.com/zufang/GZ2468711032562909184.html
整租·丹桂园 1室1厅 东南/南        ,丹桂园,1800,https://gz.lianjia.com/zufang/GZ2468745212248465408.html
合租·六运小区 1居室 南卧        ,六运小区,1900,https://gz.lianjia.com/zufang/GZ2405673683508543488.html
整租·蟹山远洋宿舍 2室1厅 南/北        ,蟹山远洋宿舍,1500,https://gz.lianjia.com/zufang/GZ2468585981477912576.html
合租·罗马家园 4居室 南卧        ,罗马家园,1530,https://gz.lianjia.com/zufang/GZ2396338461226844160.html
整租·华侨城(番禺) 2室1厅 南        ,华侨城(番禺),2200,https://gz.lianjia.com/zufang/GZ2467990487265714176.html
整租·解放北路(增城区) 3室2厅 南        ,解放北路(增城区),1200,https://gz.lianjia.com/zufang/GZ2467321238909878272.html
整租·宏康花园五期宏康东筑 2室2厅 南        ,宏康花园五期宏康东筑,1600,https://gz.lianjia.com/zufang/GZ2467145321529491456.html
整租·雅图花园 2室1厅 北        ,雅图花园,1300,https://gz.lianjia.com/zufang/GZ2467929754725531648.html
整租·富力花园 2室2厅 西南        ,富力花园,2850,https://gz.lianjia.com/zufang/GZ2468035677451984896.html
整租·祈福新村海晴居 2室1厅 北        ,祈福新村海晴居,2100,https://gz.lianjia.com/zufang/GZ2467131357432643584.html
整租·怡雅苑(海珠) 2室1厅 南        ,怡雅苑(海珠),2200,https://gz.lianjia.com/zufang/GZ2469469924536893440.html
合租·中海康城 4居室 北卧        ,中海康城,2180,https://gz.lianjia.com/zufang/GZ2331776665069559808.html
整租·人民北路 1室1厅 东        ,人民北路,2500,https://gz.lianjia.com/zufang/GZ2469415150868758528.html
合租·佳信花园 4居室 北卧        ,佳信花园,1690,https://gz.lianjia.com/zufang/GZ2338789026146304000.html
整租·淘金路淘金坑 1室0厅 南        ,淘金路淘金坑,2300,https://gz.lianjia.com/zufang/GZ2469466515129507840.html
合租·广海花园 4居室 北卧        ,广海花园,1590,https://gz.lianjia.com/zufang/GZ2401629789875077120.html
整租·锦绣生态园 3室2厅 东南        ,锦绣生态园,2300,https://gz.lianjia.com/zufang/GZ2468758226863669248.html
合租·麓苑路35号大院 2居室 北卧        ,麓苑路35号大院,2260,https://gz.lianjia.com/zufang/GZ2327558322800033792.html
合租·南景园 4居室 北卧        ,南景园,1490,https://gz.lianjia.com/zufang/GZ2402702097087725568.html
合租·保利罗兰国际 4居室 东卧        ,保利罗兰国际,1090,https://gz.lianjia.com/zufang/GZ2353059887086845952.html
合租·帝景苑 5居室 南卧        ,帝景苑,2390,https://gz.lianjia.com/zufang/GZ2064422059307433984.html
合租·云山锦绣家园 4居室 西卧        ,云山锦绣家园,1890,https://gz.lianjia.com/zufang/GZ2067130469912420352.html
合租·加拿大花园 4居室 西卧        ,加拿大花园,1460,https://gz.lianjia.com/zufang/GZ2116719500199477248.html
整租·云景花园云桦苑 2室1厅 东南        ,云景花园云桦苑,1900,https://gz.lianjia.com/zufang/GZ2461413217281785856.html
独栋·魔尔公寓 魔尔公寓广州华侨新村店 紧邻CBD近淘金地铁 1室1厅        ,魔尔公寓,4500-5500,https://gz.lianjia.com/apartment/8031.html
整租·大北路鸿成大街 1室1厅 南        ,大北路鸿成大街,1200,https://gz.lianjia.com/zufang/GZ2469364765802373120.html
独栋·辉盛公寓 南岸路A店 开春钜惠防疫 开间        ,辉盛公寓,2500-2800,https://gz.lianjia.com/apartment/25438.html
整租·金道花园 1室1厅 东        ,金道花园,1500,https://gz.lianjia.com/zufang/GZ2469484254300471296.html
独栋·广寓国际社区 穗和家园店 年底大特价精装三房 3室1厅        ,广寓国际社区,2950-4080,https://gz.lianjia.com/apartment/22560.html
整租·共和西小区 1室1厅 东        ,共和西小区,2500,https://gz.lianjia.com/zufang/GZ2468929845048901632.html
整租·芬芳小区 2室1厅 东南        ,芬芳小区,2300,https://gz.lianjia.com/zufang/GZ2329530449820385280.html
整租·大发大厦 2室1厅 北        ,大发大厦,2300,https://gz.lianjia.com/zufang/GZ2468726748679258112.html
整租·惠福西路 2室1厅 西        ,惠福西路,1600,https://gz.lianjia.com/zufang/GZ2468711032562909184.html
整租·丹桂园 1室1厅 东南/南        ,丹桂园,1800,https://gz.lianjia.com/zufang/GZ2468745212248465408.html
合租·六运小区 1居室 南卧        ,六运小区,1900,https://gz.lianjia.com/zufang/GZ2405673683508543488.html
整租·蟹山远洋宿舍 2室1厅 南/北        ,蟹山远洋宿舍,1500,https://gz.lianjia.com/zufang/GZ2468585981477912576.html
合租·罗马家园 4居室 南卧        ,罗马家园,1530,https://gz.lianjia.com/zufang/GZ2396338461226844160.html
整租·华侨城(番禺) 2室1厅 南        ,华侨城(番禺),2200,https://gz.lianjia.com/zufang/GZ2467990487265714176.html
整租·解放北路(增城区) 3室2厅 南        ,解放北路(增城区),1200,https://gz.lianjia.com/zufang/GZ2467321238909878272.html
整租·宏康花园五期宏康东筑 2室2厅 南        ,宏康花园五期宏康东筑,1600,https://gz.lianjia.com/zufang/GZ2467145321529491456.html
整租·雅图花园 2室1厅 北        ,雅图花园,1300,https://gz.lianjia.com/zufang/GZ2467929754725531648.html
整租·富力花园 2室2厅 西南        ,富力花园,2850,https://gz.lianjia.com/zufang/GZ2468035677451984896.html
整租·祈福新村海晴居 2室1厅 北        ,祈福新村海晴居,2100,https://gz.lianjia.com/zufang/GZ2467131357432643584.html
整租·怡雅苑(海珠) 2室1厅 南        ,怡雅苑(海珠),2200,https://gz.lianjia.com/zufang/GZ2469469924536893440.html
合租·中海康城 4居室 北卧        ,中海康城,2180,https://gz.lianjia.com/zufang/GZ2331776665069559808.html
整租·人民北路 1室1厅 东        ,人民北路,2500,https://gz.lianjia.com/zufang/GZ2469415150868758528.html
合租·佳信花园 4居室 北卧        ,佳信花园,1690,https://gz.lianjia.com/zufang/GZ2338789026146304000.html
整租·淘金路淘金坑 1室0厅 南        ,淘金路淘金坑,2300,https://gz.lianjia.com/zufang/GZ2469466515129507840.html
合租·广海花园 4居室 北卧        ,广海花园,1590,https://gz.lianjia.com/zufang/GZ2401629789875077120.html
整租·锦绣生态园 3室2厅 东南        ,锦绣生态园,2300,https://gz.lianjia.com/zufang/GZ2468758226863669248.html
合租·麓苑路35号大院 2居室 北卧        ,麓苑路35号大院,2260,https://gz.lianjia.com/zufang/GZ2327558322800033792.html
合租·南景园 4居室 北卧        ,南景园,1490,https://gz.lianjia.com/zufang/GZ2402702097087725568.html
合租·保利罗兰国际 4居室 东卧        ,保利罗兰国际,1090,https://gz.lianjia.com/zufang/GZ2353059887086845952.html
合租·帝景苑 5居室 南卧        ,帝景苑,2390,https://gz.lianjia.com/zufang/GZ2064422059307433984.html
合租·云山锦绣家园 4居室 西卧        ,云山锦绣家园,1890,https://gz.lianjia.com/zufang/GZ2067130469912420352.html
合租·加拿大花园 4居室 西卧        ,加拿大花园,1460,https://gz.lianjia.com/zufang/GZ2116719500199477248.html
整租·云景花园云桦苑 2室1厅 东南        ,云景花园云桦苑,1900,https://gz.lianjia.com/zufang/GZ2461413217281785856.html
独栋·魔尔公寓 魔尔公寓广州华侨新村店 紧邻CBD近淘金地铁 1室1厅        ,魔尔公寓,4500-5500,https://gz.lianjia.com/apartment/8031.html
整租·大北路鸿成大街 1室1厅 南        ,大北路鸿成大街,1200,https://gz.lianjia.com/zufang/GZ2469364765802373120.html
独栋·辉盛公寓 南岸路A店 开春钜惠防疫 开间        ,辉盛公寓,2500-2800,https://gz.lianjia.com/apartment/25438.html
整租·金道花园 1室1厅 东        ,金道花园,1500,https://gz.lianjia.com/zufang/GZ2469484254300471296.html
独栋·广寓国际社区 穗和家园店 年底大特价精装三房 3室1厅        ,广寓国际社区,2950-4080,https://gz.lianjia.com/apartment/22560.html
整租·共和西小区 1室1厅 东        ,共和西小区,2500,https://gz.lianjia.com/zufang/GZ2468929845048901632.html
整租·芬芳小区 2室1厅 东南        ,芬芳小区,2300,https://gz.lianjia.com/zufang/GZ2329530449820385280.html
整租·大发大厦 2室1厅 北        ,大发大厦,2300,https://gz.lianjia.com/zufang/GZ2468726748679258112.html
整租·惠福西路 2室1厅 西        ,惠福西路,1600,https://gz.lianjia.com/zufang/GZ2468711032562909184.html
整租·丹桂园 1室1厅 东南/南        ,丹桂园,1800,https://gz.lianjia.com/zufang/GZ2468745212248465408.html
合租·六运小区 1居室 南卧        ,六运小区,1900,https://gz.lianjia.com/zufang/GZ2405673683508543488.html
整租·蟹山远洋宿舍 2室1厅 南/北        ,蟹山远洋宿舍,1500,https://gz.lianjia.com/zufang/GZ2468585981477912576.html
合租·罗马家园 4居室 南卧        ,罗马家园,1530,https://gz.lianjia.com/zufang/GZ2396338461226844160.html
整租·华侨城(番禺) 2室1厅 南        ,华侨城(番禺),2200,https://gz.lianjia.com/zufang/GZ2467990487265714176.html
整租·解放北路(增城区) 3室2厅 南        ,解放北路(增城区),1200,https://gz.lianjia.com/zufang/GZ2467321238909878272.html
整租·宏康花园五期宏康东筑 2室2厅 南        ,宏康花园五期宏康东筑,1600,https://gz.lianjia.com/zufang/GZ2467145321529491456.html
整租·雅图花园 2室1厅 北        ,雅图花园,1300,https://gz.lianjia.com/zufang/GZ2467929754725531648.html
整租·富力花园 2室2厅 西南        ,富力花园,2850,https://gz.lianjia.com/zufang/GZ2468035677451984896.html
整租·祈福新村海晴居 2室1厅 北        ,祈福新村海晴居,2100,https://gz.lianjia.com/zufang/GZ2467131357432643584.html
整租·怡雅苑(海珠) 2室1厅 南        ,怡雅苑(海珠),2200,https://gz.lianjia.com/zufang/GZ2469469924536893440.html
合租·中海康城 4居室 北卧        ,中海康城,2180,https://gz.lianjia.com/zufang/GZ2331776665069559808.html
整租·人民北路 1室1厅 东        ,人民北路,2500,https://gz.lianjia.com/zufang/GZ2469415150868758528.html
合租·佳信花园 4居室 北卧        ,佳信花园,1690,https://gz.lianjia.com/zufang/GZ2338789026146304000.html
整租·淘金路淘金坑 1室0厅 南        ,淘金路淘金坑,2300,https://gz.lianjia.com/zufang/GZ2469466515129507840.html
合租·广海花园 4居室 北卧        ,广海花园,1590,https://gz.lianjia.com/zufang/GZ2401629789875077120.html
整租·锦绣生态园 3室2厅 东南        ,锦绣生态园,2300,https://gz.lianjia.com/zufang/GZ2468758226863669248.html
合租·麓苑路35号大院 2居室 北卧        ,麓苑路35号大院,2260,https://gz.lianjia.com/zufang/GZ2327558322800033792.html
合租·南景园 4居室 北卧        ,南景园,1490,https://gz.lianjia.com/zufang/GZ2402702097087725568.html
合租·保利罗兰国际 4居室 东卧        ,保利罗兰国际,1090,https://gz.lianjia.com/zufang/GZ2353059887086845952.html
合租·帝景苑 5居室 南卧        ,帝景苑,2390,https://gz.lianjia.com/zufang/GZ2064422059307433984.html
合租·云山锦绣家园 4居室 西卧        ,云山锦绣家园,1890,https://gz.lianjia.com/zufang/GZ2067130469912420352.html
合租·加拿大花园 4居室 西卧        ,加拿大花园,1460,https://gz.lianjia.com/zufang/GZ2116719500199477248.html
整租·云景花园云桦苑 2室1厅 东南        ,云景花园云桦苑,1900,https://gz.lianjia.com/zufang/GZ2461413217281785856.html
独栋·魔尔公寓 魔尔公寓广州华侨新村店 紧邻CBD近淘金地铁 1室1厅        ,魔尔公寓,4500-5500,https://gz.lianjia.com/apartment/8031.html
整租·大北路鸿成大街 1室1厅 南        ,大北路鸿成大街,1200,https://gz.lianjia.com/zufang/GZ2469364765802373120.html
独栋·辉盛公寓 南岸路A店 开春钜惠防疫 开间        ,辉盛公寓,2500-2800,https://gz.lianjia.com/apartment/25438.html
整租·金道花园 1室1厅 东        ,金道花园,1500,https://gz.lianjia.com/zufang/GZ2469484254300471296.html
独栋·广寓国际社区 穗和家园店 年底大特价精装三房 3室1厅        ,广寓国际社区,2950-4080,https://gz.lianjia.com/apartment/22560.html
整租·共和西小区 1室1厅 东        ,共和西小区,2500,https://gz.lianjia.com/zufang/GZ2468929845048901632.html
整租·芬芳小区 2室1厅 东南        ,芬芳小区,2300,https://gz.lianjia.com/zufang/GZ2329530449820385280.html
整租·大发大厦 2室1厅 北        ,大发大厦,2300,https://gz.lianjia.com/zufang/GZ2468726748679258112.html
整租·惠福西路 2室1厅 西        ,惠福西路,1600,https://gz.lianjia.com/zufang/GZ2468711032562909184.html
整租·丹桂园 1室1厅 东南/南        ,丹桂园,1800,https://gz.lianjia.com/zufang/GZ2468745212248465408.html
合租·六运小区 1居室 南卧        ,六运小区,1900,https://gz.lianjia.com/zufang/GZ2405673683508543488.html
整租·蟹山远洋宿舍 2室1厅 南/北        ,蟹山远洋宿舍,1500,https://gz.lianjia.com/zufang/GZ2468585981477912576.html
合租·罗马家园 4居室 南卧        ,罗马家园,1530,https://gz.lianjia.com/zufang/GZ2396338461226844160.html
整租·华侨城(番禺) 2室1厅 南        ,华侨城(番禺),2200,https://gz.lianjia.com/zufang/GZ2467990487265714176.html
整租·解放北路(增城区) 3室2厅 南        ,解放北路(增城区),1200,https://gz.lianjia.com/zufang/GZ2467321238909878272.html
整租·宏康花园五期宏康东筑 2室2厅 南        ,宏康花园五期宏康东筑,1600,https://gz.lianjia.com/zufang/GZ2467145321529491456.html
整租·雅图花园 2室1厅 北        ,雅图花园,1300,https://gz.lianjia.com/zufang/GZ2467929754725531648.html
整租·富力花园 2室2厅 西南        ,富力花园,2850,https://gz.lianjia.com/zufang/GZ2468035677451984896.html
整租·祈福新村海晴居 2室1厅 北        ,祈福新村海晴居,2100,https://gz.lianjia.com/zufang/GZ2467131357432643584.html
整租·怡雅苑(海珠) 2室1厅 南        ,怡雅苑(海珠),2200,https://gz.lianjia.com/zufang/GZ2469469924536893440.html
合租·中海康城 4居室 北卧        ,中海康城,2180,https://gz.lianjia.com/zufang/GZ2331776665069559808.html
整租·人民北路 1室1厅 东        ,人民北路,2500,https://gz.lianjia.com/zufang/GZ2469415150868758528.html
合租·佳信花园 4居室 北卧        ,佳信花园,1690,https://gz.lianjia.com/zufang/GZ2338789026146304000.html
整租·淘金路淘金坑 1室0厅 南        ,淘金路淘金坑,2300,https://gz.lianjia.com/zufang/GZ2469466515129507840.html
合租·广海花园 4居室 北卧        ,广海花园,1590,https://gz.lianjia.com/zufang/GZ2401629789875077120.html
整租·锦绣生态园 3室2厅 东南        ,锦绣生态园,2300,https://gz.lianjia.com/zufang/GZ2468758226863669248.html
合租·麓苑路35号大院 2居室 北卧        ,麓苑路35号大院,2260,https://gz.lianjia.com/zufang/GZ2327558322800033792.html
合租·南景园 4居室 北卧        ,南景园,1490,https://gz.lianjia.com/zufang/GZ2402702097087725568.html
合租·保利罗兰国际 4居室 东卧        ,保利罗兰国际,1090,https://gz.lianjia.com/zufang/GZ2353059887086845952.html
合租·帝景苑 5居室 南卧        ,帝景苑,2390,https://gz.lianjia.com/zufang/GZ2064422059307433984.html
合租·云山锦绣家园 4居室 西卧        ,云山锦绣家园,1890,https://gz.lianjia.com/zufang/GZ2067130469912420352.html
合租·加拿大花园 4居室 西卧        ,加拿大花园,1460,https://gz.lianjia.com/zufang/GZ2116719500199477248.html
整租·云景花园云桦苑 2室1厅 东南        ,云景花园云桦苑,1900,https://gz.lianjia.com/zufang/GZ2461413217281785856.html
独栋·魔尔公寓 魔尔公寓广州华侨新村店 紧邻CBD近淘金地铁 1室1厅        ,魔尔公寓,4500-5500,https://gz.lianjia.com/apartment/8031.html
整租·大北路鸿成大街 1室1厅 南        ,大北路鸿成大街,1200,https://gz.lianjia.com/zufang/GZ2469364765802373120.html
独栋·辉盛公寓 南岸路A店 开春钜惠防疫 开间        ,辉盛公寓,2500-2800,https://gz.lianjia.com/apartment/25438.html
整租·金道花园 1室1厅 东        ,金道花园,1500,https://gz.lianjia.com/zufang/GZ2469484254300471296.html
独栋·广寓国际社区 穗和家园店 年底大特价精装三房 3室1厅        ,广寓国际社区,2950-4080,https://gz.lianjia.com/apartment/22560.html
整租·共和西小区 1室1厅 东        ,共和西小区,2500,https://gz.lianjia.com/zufang/GZ2468929845048901632.html
整租·芬芳小区 2室1厅 东南        ,芬芳小区,2300,https://gz.lianjia.com/zufang/GZ2329530449820385280.html
整租·大发大厦 2室1厅 北        ,大发大厦,2300,https://gz.lianjia.com/zufang/GZ2468726748679258112.html
整租·惠福西路 2室1厅 西        ,惠福西路,1600,https://gz.lianjia.com/zufang/GZ2468711032562909184.html
整租·丹桂园 1室1厅 东南/南        ,丹桂园,1800,https://gz.lianjia.com/zufang/GZ2468745212248465408.html
合租·六运小区 1居室 南卧        ,六运小区,1900,https://gz.lianjia.com/zufang/GZ2405673683508543488.html
整租·蟹山远洋宿舍 2室1厅 南/北        ,蟹山远洋宿舍,1500,https://gz.lianjia.com/zufang/GZ2468585981477912576.html
合租·罗马家园 4居室 南卧        ,罗马家园,1530,https://gz.lianjia.com/zufang/GZ2396338461226844160.html
整租·华侨城(番禺) 2室1厅 南        ,华侨城(番禺),2200,https://gz.lianjia.com/zufang/GZ2467990487265714176.html
整租·解放北路(增城区) 3室2厅 南        ,解放北路(增城区),1200,https://gz.lianjia.com/zufang/GZ2467321238909878272.html
整租·宏康花园五期宏康东筑 2室2厅 南        ,宏康花园五期宏康东筑,1600,https://gz.lianjia.com/zufang/GZ2467145321529491456.html
整租·雅图花园 2室1厅 北        ,雅图花园,1300,https://gz.lianjia.com/zufang/GZ2467929754725531648.html
整租·富力花园 2室2厅 西南        ,富力花园,2850,https://gz.lianjia.com/zufang/GZ2468035677451984896.html
整租·祈福新村海晴居 2室1厅 北        ,祈福新村海晴居,2100,https://gz.lianjia.com/zufang/GZ2467131357432643584.html
整租·怡雅苑(海珠) 2室1厅 南        ,怡雅苑(海珠),2200,https://gz.lianjia.com/zufang/GZ2469469924536893440.html
合租·中海康城 4居室 北卧        ,中海康城,2180,https://gz.lianjia.com/zufang/GZ2331776665069559808.html
整租·人民北路 1室1厅 东        ,人民北路,2500,https://gz.lianjia.com/zufang/GZ2469415150868758528.html
合租·佳信花园 4居室 北卧        ,佳信花园,1690,https://gz.lianjia.com/zufang/GZ2338789026146304000.html
整租·淘金路淘金坑 1室0厅 南        ,淘金路淘金坑,2300,https://gz.lianjia.com/zufang/GZ2469466515129507840.html
合租·广海花园 4居室 北卧        ,广海花园,1590,https://gz.lianjia.com/zufang/GZ2401629789875077120.html
整租·锦绣生态园 3室2厅 东南        ,锦绣生态园,2300,https://gz.lianjia.com/zufang/GZ2468758226863669248.html
合租·麓苑路35号大院 2居室 北卧        ,麓苑路35号大院,2260,https://gz.lianjia.com/zufang/GZ2327558322800033792.html
合租·南景园 4居室 北卧        ,南景园,1490,https://gz.lianjia.com/zufang/GZ2402702097087725568.html
合租·保利罗兰国际 4居室 东卧        ,保利罗兰国际,1090,https://gz.lianjia.com/zufang/GZ2353059887086845952.html
合租·帝景苑 5居室 南卧        ,帝景苑,2390,https://gz.lianjia.com/zufang/GZ2064422059307433984.html
合租·云山锦绣家园 4居室 西卧        ,云山锦绣家园,1890,https://gz.lianjia.com/zufang/GZ2067130469912420352.html
合租·加拿大花园 4居室 西卧        ,加拿大花园,1460,https://gz.lianjia.com/zufang/GZ2116719500199477248.html
整租·云景花园云桦苑 2室1厅 东南        ,云景花园云桦苑,1900,https://gz.lianjia.com/zufang/GZ2461413217281785856.html
独栋·魔尔公寓 魔尔公寓广州华侨新村店 紧邻CBD近淘金地铁 1室1厅        ,魔尔公寓,4500-5500,https://gz.lianjia.com/apartment/8031.html
整租·大北路鸿成大街 1室1厅 南        ,大北路鸿成大街,1200,https://gz.lianjia.com/zufang/GZ2469364765802373120.html
独栋·辉盛公寓 南岸路A店 开春钜惠防疫 开间        ,辉盛公寓,2500-2800,https://gz.lianjia.com/apartment/25438.html
整租·金道花园 1室1厅 东        ,金道花园,1500,https://gz.lianjia.com/zufang/GZ2469484254300471296.html
独栋·广寓国际社区 穗和家园店 年底大特价精装三房 3室1厅        ,广寓国际社区,2950-4080,https://gz.lianjia.com/apartment/22560.html
整租·共和西小区 1室1厅 东        ,共和西小区,2500,https://gz.lianjia.com/zufang/GZ2468929845048901632.html
整租·芬芳小区 2室1厅 东南        ,芬芳小区,2300,https://gz.lianjia.com/zufang/GZ2329530449820385280.html
整租·大发大厦 2室1厅 北        ,大发大厦,2300,https://gz.lianjia.com/zufang/GZ2468726748679258112.html
整租·惠福西路 2室1厅 西        ,惠福西路,1600,https://gz.lianjia.com/zufang/GZ2468711032562909184.html
整租·丹桂园 1室1厅 东南/南        ,丹桂园,1800,https://gz.lianjia.com/zufang/GZ2468745212248465408.html
合租·六运小区 1居室 南卧        ,六运小区,1900,https://gz.lianjia.com/zufang/GZ2405673683508543488.html
整租·蟹山远洋宿舍 2室1厅 南/北        ,蟹山远洋宿舍,1500,https://gz.lianjia.com/zufang/GZ2468585981477912576.html
合租·罗马家园 4居室 南卧        ,罗马家园,1530,https://gz.lianjia.com/zufang/GZ2396338461226844160.html
整租·华侨城(番禺) 2室1厅 南        ,华侨城(番禺),2200,https://gz.lianjia.com/zufang/GZ2467990487265714176.html
整租·解放北路(增城区) 3室2厅 南        ,解放北路(增城区),1200,https://gz.lianjia.com/zufang/GZ2467321238909878272.html
整租·宏康花园五期宏康东筑 2室2厅 南        ,宏康花园五期宏康东筑,1600,https://gz.lianjia.com/zufang/GZ2467145321529491456.html
整租·雅图花园 2室1厅 北        ,雅图花园,1300,https://gz.lianjia.com/zufang/GZ2467929754725531648.html
整租·富力花园 2室2厅 西南        ,富力花园,2850,https://gz.lianjia.com/zufang/GZ2468035677451984896.html
整租·祈福新村海晴居 2室1厅 北        ,祈福新村海晴居,2100,https://gz.lianjia.com/zufang/GZ2467131357432643584.html
整租·怡雅苑(海珠) 2室1厅 南        ,怡雅苑(海珠),2200,https://gz.lianjia.com/zufang/GZ2469469924536893440.html
合租·中海康城 4居室 北卧        ,中海康城,2180,https://gz.lianjia.com/zufang/GZ2331776665069559808.html
整租·人民北路 1室1厅 东        ,人民北路,2500,https://gz.lianjia.com/zufang/GZ2469415150868758528.html
合租·佳信花园 4居室 北卧        ,佳信花园,1690,https://gz.lianjia.com/zufang/GZ2338789026146304000.html
整租·淘金路淘金坑 1室0厅 南        ,淘金路淘金坑,2300,https://gz.lianjia.com/zufang/GZ2469466515129507840.html
合租·广海花园 4居室 北卧        ,广海花园,1590,https://gz.lianjia.com/zufang/GZ2401629789875077120.html
整租·锦绣生态园 3室2厅 东南        ,锦绣生态园,2300,https://gz.lianjia.com/zufang/GZ2468758226863669248.html
合租·麓苑路35号大院 2居室 北卧        ,麓苑路35号大院,2260,https://gz.lianjia.com/zufang/GZ2327558322800033792.html
合租·南景园 4居室 北卧        ,南景园,1490,https://gz.lianjia.com/zufang/GZ2402702097087725568.html
合租·保利罗兰国际 4居室 东卧        ,保利罗兰国际,1090,https://gz.lianjia.com/zufang/GZ2353059887086845952.html
合租·帝景苑 5居室 南卧        ,帝景苑,2390,https://gz.lianjia.com/zufang/GZ2064422059307433984.html
合租·云山锦绣家园 4居室 西卧        ,云山锦绣家园,1890,https://gz.lianjia.com/zufang/GZ2067130469912420352.html
合租·加拿大花园 4居室 西卧        ,加拿大花园,1460,https://gz.lianjia.com/zufang/GZ2116719500199477248.html
